filename,status,age,gender,mmse,apoe
ADNI_100_S_0743_MR_MPR-R____N3__Scaled_Br_20070727125146231_S17224_I62363,AD,86,1,22,0
ADNI_099_S_0372_MR_MPR-R__GradWarp__B1_Correction__N3__Scaled_Br_20070418084809656_S22214_I49539,AD,79,1,23,0
ADNI_082_S_1079_MR_MPR__GradWarp__B1_Correction__N3__Scaled_Br_20080320171701530_S46012_I99086,AD,78,1,20,1
ADNI_094_S_1090_MR_MPR__GradWarp__B1_Correction__N3__Scaled_Br_20070911115344407_S32867_I72508,AD,71,1,24,1
ADNI_023_S_0093_MR_MPR__GradWarp__B1_Correction__N3__Scaled_Br_20070727132119634_S26504_I62412,AD,78,2,23,1
ADNI_002_S_0559_MR_MPR__GradWarp__B1_Correction__N3__Scaled_Br_20070216234409231_S14875_I40674,NL,79,1,30,1
ADNI_131_S_0691_MR_MPR__GradWarp__B1_Correction__N3__Scaled_Br_20070403141449754_S17266_I48047,AD,64,1,24,1
ADNI_032_S_0400_MR_MPR____N3__Scaled_Br_20070118001306334_S21663_I36464,AD,69,1,26,0
ADNI_036_S_1001_MR_MPR__GradWarp__B1_Correction__N3__Scaled_Br_20070209145840163_S22691_I38661,AD,69,1,22,1
ADNI_131_S_0497_MR_MPR__GradWarp__B1_Correction__N3__Scaled_Br_20070828152815376_S24936_I70896,AD,76,1,23,1
ADNI_099_S_0090_MR_MPR__GradWarp__B1_Correction__N3__Scaled_Br_20061228135031466_S17555_I34509,NL,70,1,29,1
ADNI_099_S_0492_MR_MPR__GradWarp__B1_Correction__N3__Scaled_Br_20070209170021020_S14944_I38770,AD,88,1,26,1
ADNI_057_S_1373_MR_MPR-R__GradWarp__B1_Correction__N3__Scaled_Br_20070730191448410_S28698_I63008,AD,76,1,21,1
ADNI_023_S_1190_MR_MPR__GradWarp__B1_Correction__N3__Scaled_2_Br_20081001160113641_S24847_I118919,NL,77,2,30,0
ADNI_137_S_0438_MR_MPR__GradWarp__N3__Scaled_Br_20070323162337393_S13764_I46615,AD,82,1,25,0
ADNI_021_S_0753_MR_MPR__GradWarp__N3__Scaled_Br_20061217132116005_S17580_I33461,AD,65,1,24,1
ADNI_010_S_0786_MR_MPR____N3__Scaled_Br_20070807153633938_S19638_I65597,AD,74,1,26,0
ADNI_041_S_1368_MR_MPR__GradWarp__B1_Correction__N3__Scaled_Br_20080108151032688_S43147_I86819,AD,76,2,20,0
ADNI_136_S_0186_MR_MPR__GradWarp__B1_Correction__N3__Scaled_2_Br_20081008133006142_S11774_I119715,NL,81,2,27,0
ADNI_133_S_0525_MR_MPR__GradWarp__B1_Correction__N3__Scaled_2_Br_20081007153255245_S14991_I119510,NL,70,2,30,0
ADNI_100_S_1113_MR_MPR____N3__Scaled_Br_20070808195422552_S24092_I66134,AD,79,2,22,0
ADNI_003_S_1059_MR_MPR-R__GradWarp__B1_Correction__N3__Scaled_Br_20070501173720913_S22300_I52816,AD,84,2,25,0
ADNI_100_S_0069_MR_MPR____N3__Scaled_Br_20061213163828351_S10563_I33105,NL,72,1,28,0
ADNI_067_S_0110_MR_MPR-R__GradWarp__B1_Correction__N3__Scaled_2_Br_20081003160054331_S11177_I119194,AD,83,2,23,0
ADNI_006_S_0498_MR_MPR-R__GradWarp__B1_Correction__N3__Scaled_Br_20070605122045523_S19763_I55943,NL,71,1,25,0
ADNI_033_S_0516_MR_MPR__GradWarp__B1_Correction__N3__Scaled_2_Br_20081003120907024_S14818_I119125,NL,88,1,27,0
ADNI_073_S_0311_MR_MPR__GradWarp__B1_Correction__N3__Scaled_Br_20070213203125567_S15069_I39868,NL,78,2,30,1
ADNI_011_S_0005_MR_MPR-R__GradWarp__B1_Correction__N3__Scaled_Br_20061208112603927_S9136_I32246,NL,74,1,29,0
ADNI_098_S_0896_MR_MPR__GradWarp__B1_Correction__N3__Scaled_Br_20070605154510245_S29795_I56040,NL,77,1,30,0
ADNI_082_S_1256_MR_MPR__GradWarp__B1_Correction__N3__Scaled_Br_20071101191716161_S41304_I80379,NL,72,2,30,1
ADNI_036_S_0813_MR_MPR__GradWarp__B1_Correction__N3__Scaled_Br_20070806141542560_S29508_I65082,NL,73,1,29,0
ADNI_033_S_1308_MR_MPR-R__GradWarp__B1_Correction__N3__Scaled_Br_20070517160021095_S26600_I54752,AD,80,1,23,1
ADNI_128_S_0272_MR_MPR__GradWarp__N3__Scaled_2_Br_20081007095533371_S12394_I119392,NL,71,2,30,0
ADNI_027_S_1385_MR_MPR__GradWarp__B1_Correction__N3__Scaled_Br_20071229183142945_S39646_I86386,AD,70,2,26,1
ADNI_002_S_1261_MR_MPR__GradWarp__B1_Correction__N3__Scaled_Br_20071028190839547_S38700_I79126,NL,72,2,30,0
ADNI_127_S_0844_MR_MPR-R__GradWarp__B1_Correction__N3__Scaled_Br_20061228121939879_S19874_I34471,AD,85,2,22,0
ADNI_007_S_1206_MR_MPR-R__GradWarp__B1_Correction__N3__Scaled_Br_20070713115137903_S25173_I59981,NL,73,1,29,0
ADNI_023_S_0963_MR_MPR__GradWarp__B1_Correction__N3__Scaled_Br_20070806122031225_S29234_I65004,NL,72,1,30,1
ADNI_041_S_1002_MR_MPR__GradWarp__B1_Correction__N3__Scaled_Br_20070806162828919_S23705_I65220,NL,76,2,30,0
ADNI_027_S_1254_MR_MPR__GradWarp__B1_Correction__N3__Scaled_Br_20070327165452524_S25764_I47228,AD,85,1,21,0
ADNI_018_S_0425_MR_MPR____N3__Scaled_2_Br_20081001133238550_S23884_I118767,NL,86,1,29,0
ADNI_027_S_0404_MR_MPR__GradWarp__B1_Correction__N3__Scaled_Br_20070327132615623_S22758_I47091,AD,88,2,20,0
ADNI_033_S_1086_MR_MPR__GradWarp__B1_Correction__N3__Scaled_Br_20070306090420483_S23547_I42785,NL,81,1,29,1
ADNI_099_S_0352_MR_MPR__GradWarp__B1_Correction__N3__Scaled_Br_20070403122357484_S20962_I47917,NL,77,2,29,0
ADNI_062_S_0578_MR_MPR__GradWarp__B1_Correction__N3__Scaled_Br_20070424113933613_S24376_I50443,NL,77,2,30,0
ADNI_023_S_0916_MR_MPR__GradWarp__B1_Correction__N3__Scaled_Br_20080207101547833_S40717_I89743,AD,80,1,21,1
ADNI_098_S_0149_MR_MPR__GradWarp__B1_Correction__N3__Scaled_Br_20080206083054086_S11021_I89429,AD,88,1,20,0
ADNI_099_S_0534_MR_MPR-R__GradWarp__B1_Correction__N3__Scaled_Br_20061228152059896_S14009_I34578,NL,63,1,28,1
ADNI_067_S_0056_MR_MPR__GradWarp__B1_Correction__N3__Scaled_2_Br_20081003155535571_S8723_I119186,NL,69,2,28,0
ADNI_100_S_1062_MR_MPR____N3__Scaled_Br_20070727124503685_S22492_I62353,AD,82,1,24,1
ADNI_020_S_0883_MR_MPR__GradWarp__B1_Correction__N3__Scaled_Br_20080302111302621_S32319_I94854,NL,76,2,29,1
ADNI_036_S_0760_MR_MPR__GradWarp__B1_Correction__N3__Scaled_Br_20070209144410346_S18264_I38652,AD,69,2,25,1
ADNI_057_S_1379_MR_MPR__GradWarp__B1_Correction__N3__Scaled_Br_20071101180455543_S40945_I80267,AD,88,1,24,0
ADNI_126_S_1221_MR_MPR-R__GradWarp__B1_Correction__N3__Scaled_Br_20080223181143042_S45110_I91967,AD,72,1,21,1
ADNI_082_S_0761_MR_MPR__GradWarp__B1_Correction__N3__Scaled_Br_20070213183953600_S18119_I39791,NL,71,1,30,0
ADNI_129_S_0778_MR_MPR__GradWarp__N3__Scaled_Br_20080414161318371_S47660_I102525,NL,72,1,28,1
ADNI_128_S_0528_MR_MPR__GradWarp__N3__Scaled_2_Br_20081007100403336_S14629_I119401,AD,71,2,21,0
ADNI_067_S_0059_MR_MPR__GradWarp__B1_Correction__N3__Scaled_2_Br_20081003155654473_S10517_I119188,NL,70,2,29,0
ADNI_094_S_0692_MR_MPR__GradWarp__B1_Correction__N3__Scaled_Br_20070815102935564_S25274_I67729,NL,77,2,29,1
ADNI_018_S_0286_MR_MPR____N3__Scaled_Br_20070118012618369_S22614_I36514,AD,66,1,26,0
ADNI_012_S_0720_MR_MPR____N3__Scaled_Br_20080225174150688_S17682_I92529,AD,77,2,23,0
ADNI_067_S_0257_MR_MPR__GradWarp__B1_Correction__N3__Scaled_2_Br_20081003160545770_S14730_I119198,NL,79,2,29,1
ADNI_098_S_0884_MR_MPR-R__GradWarp__B1_Correction__N3__Scaled_Br_20070605153002130_S24183_I56026,AD,79,1,26,0
ADNI_137_S_0301_MR_MPR__GradWarp__N3__Scaled_Br_20070321173353204_S21513_I45894,NL,74,2,28,0
ADNI_116_S_0382_MR_MPR__GradWarp__N3__Scaled_Br_20071226114952981_S23233_I86150,NL,76,2,29,0
ADNI_022_S_0014_MR_MPR__GradWarp__B1_Correction__N3__Scaled_Br_20070712143051450_S9271_I59375,NL,78,2,29,0
ADNI_067_S_0828_MR_MPR__GradWarp__B1_Correction__N3__Scaled_2_Br_20081003161047536_S18532_I119205,AD,77,2,21,1
ADNI_141_S_0717_MR_MPR-R__GradWarp__B1_Correction__N3__Scaled_Br_20070927175206753_S29879_I75691,NL,76,1,30,0
ADNI_094_S_1267_MR_MPR__GradWarp__B1_Correction__N3__Scaled_Br_20071129165154742_S40729_I83771,NL,74,1,30,0
ADNI_020_S_0213_MR_MPR__GradWarp__B1_Correction__N3__Scaled_Br_20070718120657794_S22879_I60609,AD,63,1,24,0
ADNI_116_S_0487_MR_MPR-R__GradWarp__N3__Scaled_Br_20070713073545721_S15138_I59686,AD,77,1,22,1
ADNI_100_S_0035_MR_MPR____N3__Scaled_Br_20061213160703710_S15318_I33079,NL,77,1,30,0
ADNI_027_S_1082_MR_MPR-R__GradWarp__B1_Correction__N3__Scaled_Br_20070327161431010_S22938_I47204,AD,69,2,22,1
ADNI_062_S_0793_MR_MPR__GradWarp__B1_Correction__N3__Scaled_Br_20070424124413130_S27205_I50533,AD,69,1,26,1
ADNI_062_S_0535_MR_MPR__GradWarp__B1_Correction__N3__Scaled_Br_20070424113302598_S24056_I50434,AD,77,1,23,1
ADNI_011_S_0023_MR_MPR__GradWarp__B1_Correction__N3__Scaled_Br_20061208151654929_S8868_I32409,NL,71,1,26,0
ADNI_051_S_1296_MR_MPR__GradWarp__B1_Correction__N3__Scaled_Br_20071031143129207_S39145_I79994,AD,77,1,25,1
ADNI_068_S_0210_MR_MPR____N3__Scaled_2_Br_20081212142326709_S11713_I130237,NL,73,2,29,0
ADNI_027_S_1081_MR_MPR__GradWarp__B1_Correction__N3__Scaled_Br_20080223122500029_S45308_I91679,AD,85,1,23,1
ADNI_127_S_0754_MR_MPR__GradWarp__B1_Correction__N3__Scaled_Br_20071104122303097_S18515_I80760,AD,67,2,23,1
ADNI_037_S_0467_MR_MPR__GradWarp__N3__Scaled_Br_20071030161648095_S24391_I79766,NL,81,2,30,0
ADNI_116_S_0392_MR_MPR__GradWarp__N3__Scaled_Br_20070713074002233_S15287_I59690,AD,85,2,20,1
ADNI_128_S_0500_MR_MPR__GradWarp__B1_Correction__N3__Scaled_2_Br_20081007100047014_S22568_I119398,NL,78,1,29,0
ADNI_123_S_0162_MR_MPR-R____N3__Scaled_Br_20070802221804531_S11551_I64422,AD,72,1,24,1
ADNI_051_S_1123_MR_MPR__GradWarp__B1_Correction__N3__Scaled_Br_20070628170623863_S24099_I58043,NL,75,2,30,1
ADNI_133_S_0493_MR_MPR-R__GradWarp__B1_Correction__N3__Scaled_2_Br_20081007152848137_S24042_I119506,NL,78,1,29,0
ADNI_012_S_1133_MR_MPR____N3__Scaled_Br_20070923134052709_S36741_I74681,NL,80,2,30,0
ADNI_137_S_0972_MR_MPR__GradWarp__N3__Scaled_Br_20070808222326165_S33059_I66262,NL,77,1,30,1
ADNI_007_S_1222_MR_MPR-R__GradWarp__B1_Correction__N3__Scaled_Br_20071006113405319_S38925_I77008,NL,74,2,30,0
ADNI_098_S_0171_MR_MPR-R__GradWarp__B1_Correction__N3__Scaled_Br_20070807181732526_S11460_I65752,NL,79,2,30,0
ADNI_003_S_1021_MR_MPR-R__GradWarp__B1_Correction__N3__Scaled_Br_20070918111516027_S21771_I73506,NL,87,2,29,0
ADNI_057_S_0818_MR_MPR-R__GradWarp__B1_Correction__N3__Scaled_Br_20081016161130417_S18613_I121435,NL,74,2,29,0
ADNI_024_S_1171_MR_MPR__GradWarp__B1_Correction__N3__Scaled_Br_20080223115711288_S44581_I91640,AD,72,1,24,1
ADNI_137_S_0686_MR_MPR__GradWarp__N3__Scaled_Br_20070809160121206_S26334_I66436,NL,72,1,29,0
ADNI_013_S_0996_MR_MPR__GradWarp__B1_Correction__N3__Scaled_Br_20080113115536722_S31591_I87222,AD,91,2,26,0
ADNI_057_S_0934_MR_MPR__GradWarp__B1_Correction__N3__Scaled_Br_20061229160134007_S19971_I34734,NL,70,2,28,0
ADNI_007_S_1304_MR_MPR__GradWarp__B1_Correction__N3__Scaled_Br_20080307174817606_S39700_I96061,AD,75,2,25,1
ADNI_100_S_0747_MR_MPR-R____N3__Scaled_Br_20080207103116048_S18394_I89761,AD,72,1,25,1
ADNI_141_S_0852_MR_MPR-R__GradWarp__B1_Correction__N3__Scaled_Br_20070402180938591_S19395_I47744,AD,84,2,24,1
ADNI_127_S_0259_MR_MPR-R__GradWarp__B1_Correction__N3__Scaled_Br_20070926120915361_S19555_I75336,NL,71,1,30,0
ADNI_067_S_0812_MR_MPR__GradWarp__B1_Correction__N3__Scaled_Br_20070209161852014_S19629_I38726,AD,71,2,22,1
ADNI_027_S_0118_MR_MPR__GradWarp__B1_Correction__N3__Scaled_Br_20070109225328176_S18002_I35629,NL,81,1,29,0
ADNI_062_S_1099_MR_MPR__GradWarp__B1_Correction__N3__Scaled_Br_20070910190618994_S33161_I72315,NL,79,2,29,0
ADNI_116_S_0657_MR_MPR__GradWarp__N3__Scaled_Br_20070713084000207_S27815_I59746,NL,78,2,29,0
ADNI_037_S_0454_MR_MPR__GradWarp__N3__Scaled_Br_20071030160825938_S14104_I79755,NL,82,2,29,0
ADNI_006_S_0653_MR_MPR__GradWarp__B1_Correction__N3__Scaled_Br_20070605122642054_S23255_I55948,AD,73,2,20,1
ADNI_041_S_0898_MR_MPR__GradWarp__B1_Correction__N3__Scaled_Br_20070730182305837_S32151_I62924,NL,83,2,29,0
ADNI_136_S_0426_MR_MPR__GradWarp__B1_Correction__N3__Scaled_Br_20070809232009444_S32980_I66778,AD,80,1,24,1
ADNI_082_S_0304_MR_MPR-R__GradWarp__B1_Correction__N3__Scaled_Br_20080307103810562_S12557_I95653,NL,71,2,29,0
ADNI_010_S_0067_MR_MPR____N3__Scaled_Br_20080308121553394_S10344_I96211,NL,74,1,27,0
ADNI_005_S_0814_MR_MPR__GradWarp__B1_Correction__N3__Scaled_Br_20070918113546511_S29098_I73529,AD,71,2,21,1
ADNI_013_S_0575_MR_MPR-R__GradWarp__B1_Correction__N3__Scaled_Br_20070821173920609_S28211_I69551,NL,86,2,29,0
ADNI_002_S_0413_MR_MPR__GradWarp__B1_Correction__N3__Scaled_Br_20071028190559976_S22557_I79122,NL,77,2,29,0
ADNI_031_S_1209_MR_MPR__GradWarp__N3__Scaled_Br_20080220104815714_S36403_I90934,AD,72,2,26,1
ADNI_014_S_0519_MR_MPR__GradWarp__B1_Correction__N3__Scaled_Br_20070217041810899_S23614_I40863,NL,74,1,29,0
ADNI_033_S_0889_MR_MPR-R__GradWarp__B1_Correction__N3__Scaled_Br_20070426183239887_S19296_I51629,AD,72,2,26,0
ADNI_022_S_0129_MR_MPR__GradWarp__B1_Correction__N3__Scaled_Br_20070712153152932_S27668_I59493,AD,81,2,22,0
ADNI_005_S_0602_MR_MPR__GradWarp__B1_Correction__N3__Scaled_Br_20070815092600085_S25188_I67668,NL,71,1,29,0
ADNI_036_S_0576_MR_MPR__GradWarp__B1_Correction__N3__Scaled_Br_20070818131325990_S23419_I68513,NL,78,1,28,0
ADNI_037_S_0303_MR_MPR-R__GradWarp__N3__Scaled_Br_20070806153911498_S12982_I65148,NL,85,1,29,1
ADNI_127_S_0684_MR_MPR__GradWarp__B1_Correction__N3__Scaled_Br_20061228115620978_S16759_I34458,NL,77,2,29,0
ADNI_009_S_1334_MR_MPR-R__GradWarp__N3__Scaled_Br_20081016173139498_S50569_I121523,AD,65,1,24,1
ADNI_068_S_0109_MR_MPR____N3__Scaled_Br_20071125144330268_S28450_I83135,AD,71,2,25,1
ADNI_032_S_0147_MR_MPR____N3__Scaled_Br_20081103084131266_S26882_I124892,AD,60,2,25,0
ADNI_136_S_0196_MR_MPR__GradWarp__B1_Correction__N3__Scaled_Br_20070215190453184_S13253_I40260,NL,78,2,29,0
ADNI_022_S_0219_MR_MPR__GradWarp__B1_Correction__N3__Scaled_Br_20070812134828070_S22767_I67152,AD,75,1,22,1
ADNI_052_S_0951_MR_MPR__GradWarp__B1_Correction__N3__Scaled_2_Br_20081003125910493_S20352_I119138,NL,85,1,28,0
ADNI_116_S_0360_MR_MPR__GradWarp__N3__Scaled_Br_20070713092854919_S14014_I59788,NL,73,1,29,0
ADNI_073_S_0312_MR_MPR__GradWarp__B1_Correction__N3__Scaled_Br_20070911113328533_S26244_I72481,NL,83,1,30,1
ADNI_033_S_0734_MR_MPR__GradWarp__B1_Correction__N3__Scaled_Br_20070517154845006_S26803_I54739,NL,73,1,30,0
ADNI_029_S_0999_MR_MPR-R__GradWarp__B1_Correction__N3__Scaled_Br_20070805144703422_S23248_I64898,AD,70,1,25,0
ADNI_012_S_1009_MR_MPR____N3__Scaled_Br_20070904181315040_S32769_I71348,NL,76,1,28,1
ADNI_109_S_1014_MR_MPR__GradWarp__B1_Correction__N3__Scaled_Br_20070731183949113_S24818_I63479,NL,84,2,30,0
ADNI_128_S_0266_MR_MPR__GradWarp__N3__Scaled_2_Br_20081007095334102_S12381_I119390,AD,86,1,26,1
ADNI_018_S_0335_MR_MPR____N3__Scaled_Br_20070815094856004_S23016_I67686,AD,84,2,20,0
ADNI_114_S_0166_MR_MPR__GradWarp__B1_Correction__N3__Scaled_Br_20070419173346734_S18173_I49727,NL,73,2,30,1
ADNI_033_S_1016_MR_MPR__GradWarp__B1_Correction__N3__Scaled_Br_20070306084833503_S21817_I42772,NL,78,2,29,0
ADNI_116_S_1249_MR_MPR-R__GradWarp__N3__Scaled_Br_20070712173422187_S26084_I59647,NL,71,2,30,1
ADNI_007_S_0068_MR_MPR-R__GradWarp__B1_Correction__N3__Scaled_2_Br_20081001115126961_S10356_I118677,NL,74,2,30,0
ADNI_023_S_1289_MR_MPR__GradWarp__B1_Correction__N3__Scaled_Br_20070920165827106_S37219_I73910,AD,78,2,20,1
ADNI_941_S_1202_MR_MPR-R__GradWarp__B1_Correction__N3__Scaled_Br_20070801201337815_S25680_I63874,NL,78,1,28,0
ADNI_012_S_0803_MR_MPR____N3__Scaled_Br_20071115084708973_S42025_I82120,AD,85,2,22,0
ADNI_031_S_0554_MR_MPR-R__GradWarp__N3__Scaled_Br_20070804144512116_S14904_I64711,AD,72,1,20,1
ADNI_131_S_0436_MR_MPR__GradWarp__B1_Correction__N3__Scaled_Br_20070403134615723_S14710_I48020,NL,85,1,29,1
ADNI_094_S_1102_MR_MPR__GradWarp__B1_Correction__N3__Scaled_Br_20070731121241229_S22905_I63186,AD,72,2,26,1
ADNI_131_S_0319_MR_MPR-R__GradWarp__B1_Correction__N3__Scaled_Br_20070403132014052_S20478_I47997,NL,71,2,30,0
ADNI_068_S_0127_MR_MPR____N3__Scaled_2_Br_20081212142008192_S11653_I130234,NL,71,1,29,0
ADNI_133_S_1170_MR_MPR__GradWarp__B1_Correction__N3__Scaled_Br_20071111130556911_S36669_I81583,AD,73,1,23,1
ADNI_014_S_0548_MR_MPR__GradWarp__B1_Correction__N3__Scaled_Br_20070828105456537_S23922_I70667,NL,74,2,29,1
ADNI_141_S_1094_MR_MPR__GradWarp__B1_Correction__N3__Scaled_Br_20080318150008346_S36853_I98893,NL,76,1,30,0
ADNI_032_S_0095_MR_MPR____N3__Scaled_Br_20070731174720572_S21203_I63429,NL,71,1,26,0
ADNI_133_S_1055_MR_MPR__GradWarp__B1_Correction__N3__Scaled_Br_20070213235020870_S22386_I40028,AD,84,1,21,1
ADNI_141_S_1137_MR_MPR__GradWarp__B1_Correction__N3__Scaled_Br_20070411122437840_S24301_I48581,AD,81,2,24,0
ADNI_137_S_1041_MR_MPR-R__GradWarp__N3__Scaled_Br_20080107125806154_S33081_I86630,AD,71,1,22,1
ADNI_009_S_0842_MR_MPR__GradWarp__N3__Scaled_Br_20080206154637186_S18870_I89575,NL,73,1,28,1
ADNI_021_S_0984_MR_MPR__GradWarp__N3__Scaled_Br_20061217135011341_S20680_I33476,NL,76,1,30,1
ADNI_062_S_0690_MR_MPR__GradWarp__B1_Correction__N3__Scaled_Br_20070424115956272_S25643_I50477,AD,80,1,25,1
ADNI_035_S_0555_MR_MPR-R__GradWarp__B1_Correction__N3__Scaled_Br_20070212231251579_S22440_I39614,NL,77,1,28,1
ADNI_027_S_0074_MR_MPR__GradWarp__B1_Correction__N3__Scaled_Br_20061222171422861_S16321_I34105,NL,78,1,30,0
ADNI_114_S_0979_MR_MPR__GradWarp__B1_Correction__N3__Scaled_Br_20070213201727734_S21933_I39859,AD,86,1,21,1
ADNI_032_S_0677_MR_MPR____N3__Scaled_Br_20080308130817593_S26669_I96293,NL,71,1,28,0
ADNI_123_S_0072_MR_MPR____N3__Scaled_Br_20070731192052467_S17085_I63531,NL,71,1,28,0
ADNI_141_S_0853_MR_MPR__GradWarp__B1_Correction__N3__Scaled_Br_20071119105418122_S27836_I82748,AD,87,1,26,1
ADNI_033_S_1098_MR_MPR-R__GradWarp__B1_Correction__N3__Scaled_Br_20070306095352673_S22792_I42832,NL,72,2,29,1
ADNI_029_S_0843_MR_MPR__GradWarp__B1_Correction__N3__Scaled_Br_20070810175504250_S18909_I66997,NL,70,1,28,0
ADNI_005_S_0223_MR_MPR__GradWarp__B1_Correction__N3__Scaled_Br_20061212164022848_S11981_I32855,NL,78,2,30,1
ADNI_013_S_0592_MR_MPR__GradWarp__B1_Correction__N3__Scaled_Br_20071028192251104_S18419_I79144,AD,78,1,23,1
ADNI_013_S_1161_MR_MPR__GradWarp__B1_Correction__N3__Scaled_Br_20070426171211057_S24399_I51485,AD,79,1,22,0
ADNI_123_S_0106_MR_MPR____N3__Scaled_Br_20070807114033316_S11010_I65478,NL,74,2,30,0
ADNI_035_S_0156_MR_MPR__GradWarp__B1_Correction__N3__Scaled_Br_20071030154636093_S18627_I79723,NL,75,1,30,0
ADNI_094_S_1241_MR_MPR__GradWarp__B1_Correction__N3__Scaled_Br_20070808185957292_S26634_I66069,NL,73,1,30,0
ADNI_128_S_0863_MR_MPR__GradWarp__B1_Correction__N3__Scaled_2_Br_20081007101325128_S19272_I119408,NL,79,1,26,0
ADNI_014_S_0558_MR_MPR__GradWarp__B1_Correction__N3__Scaled_Br_20070213010603779_S15789_I39683,NL,80,1,29,0
ADNI_029_S_0836_MR_MPR__GradWarp__B1_Correction__N3__Scaled_Br_20070718142657136_S27848_I60692,AD,83,1,26,1
ADNI_007_S_0316_MR_MPR-R__GradWarp__B1_Correction__N3__Scaled_2_Br_20081001120625745_S12583_I118693,AD,81,1,26,1
ADNI_072_S_0315_MR_MPR____N3__Scaled_2_Br_20081006101054514_S22707_I119222,NL,72,1,28,0
ADNI_037_S_0327_MR_MPR__GradWarp__N3__Scaled_Br_20071030155301116_S13473_I79732,NL,70,1,29,0
ADNI_007_S_1248_MR_MPR-R__GradWarp__B1_Correction__N3__Scaled_Br_20070713113209876_S25568_I59950,AD,80,2,23,0
ADNI_003_S_0931_MR_MPR-R__GradWarp__B1_Correction__N3__Scaled_Br_20070503165327269_S20051_I53390,NL,86,2,28,0
ADNI_002_S_1018_MR_MPR__GradWarp__B1_Correction__N3__Scaled_Br_20070217030439623_S23128_I40817,AD,70,2,26,0
ADNI_130_S_0956_MR_MPR__GradWarp__B1_Correction__N3__Scaled_Br_20070801175358435_S29748_I63725,AD,64,2,23,0
ADNI_137_S_0841_MR_MPR__GradWarp__N3__Scaled_Br_20080220163722366_S30918_I91217,AD,77,2,26,0
ADNI_013_S_0502_MR_MPR__GradWarp__B1_Correction__N3__Scaled_Br_20070926112008188_S27531_I75291,NL,75,1,29,0
ADNI_033_S_0724_MR_MPR__GradWarp__B1_Correction__N3__Scaled_2_Br_20081003121149525_S17337_I119128,AD,79,1,21,0
ADNI_023_S_0139_MR_MPR__GradWarp__B1_Correction__N3__Scaled_Br_20071113173357620_S17401_I81883,AD,66,2,25,1
ADNI_036_S_0577_MR_MPR__GradWarp__B1_Correction__N3__Scaled_Br_20070806134831275_S24294_I65055,AD,73,2,24,1
ADNI_029_S_1056_MR_MPR__GradWarp__B1_Correction__N3__Scaled_Br_20070904195245022_S33817_I71491,AD,71,2,23,0
ADNI_094_S_1164_MR_MPR__GradWarp__B1_Correction__N3__Scaled_Br_20070812144323362_S23871_I67223,AD,69,2,21,0
ADNI_057_S_0643_MR_MPR__GradWarp__B1_Correction__N3__Scaled_Br_20061229154757193_S15782_I34725,NL,71,2,29,1
ADNI_082_S_0363_MR_MPR__GradWarp__B1_Correction__N3__Scaled_Br_20070213172311370_S13017_I39730,NL,72,2,29,1
ADNI_067_S_0076_MR_MPR__GradWarp__B1_Correction__N3__Scaled_Br_20070111012139914_S10468_I35911,AD,78,1,25,1
ADNI_020_S_0097_MR_MPR__GradWarp__B1_Correction__N3__Scaled_Br_20071002181016103_S19065_I76606,NL,73,2,30,0
ADNI_141_S_0696_MR_MPR__GradWarp__B1_Correction__N3__Scaled_Br_20071119104836717_S18373_I82738,AD,74,2,25,1
ADNI_022_S_0096_MR_MPR__GradWarp__B1_Correction__N3__Scaled_Br_20071002182220071_S18593_I76622,NL,80,1,30,0
ADNI_100_S_1286_MR_MPR____N3__Scaled_Br_20070808200522693_S27102_I66144,NL,76,2,30,0
ADNI_127_S_1382_MR_MPR__GradWarp__B1_Correction__N3__Scaled_Br_20080514121101714_S49319_I105481,AD,65,1,21,0
ADNI_033_S_0741_MR_MPR__GradWarp__B1_Correction__N3__Scaled_Br_20080302103957976_S26614_I94809,NL,80,2,28,1
ADNI_131_S_0123_MR_MPR__GradWarp__B1_Correction__N3__Scaled_Br_20070801185420724_S10960_I63784,NL,74,1,30,0
ADNI_137_S_0366_MR_MPR__GradWarp__N3__Scaled_Br_20070323161105797_S14199_I46608,AD,57,2,23,0
ADNI_014_S_0328_MR_MPR-R__GradWarp__B1_Correction__N3__Scaled_Br_20070828104949893_S29914_I70661,AD,77,1,24,1
ADNI_023_S_0031_MR_MPR__GradWarp__B1_Correction__N3__Scaled_Br_20070821182618561_S9785_I69612,NL,77,2,30,0
ADNI_033_S_1285_MR_MPR__GradWarp__B1_Correction__N3__Scaled_Br_20070426175923899_S26128_I51588,AD,80,2,26,0
ADNI_114_S_0173_MR_MPR-R__GradWarp__B1_Correction__N3__Scaled_Br_20080308132846805_S11594_I96321,NL,74,1,30,0
ADNI_018_S_0633_MR_MPR-R____N3__Scaled_Br_20070101222816515_S15573_I35036,AD,83,1,20,1
ADNI_126_S_0405_MR_MPR-R__GradWarp__B1_Correction__N3__Scaled_Br_20070412174258863_S25108_I48890,NL,76,1,29,0
ADNI_032_S_1169_MR_MPR-R____N3__Scaled_Br_20070806134402523_S24442_I65052,NL,72,2,30,0
ADNI_002_S_1280_MR_MPR__GradWarp__B1_Correction__N3__Scaled_Br_20071110105845543_S38235_I81321,NL,71,2,30,1
ADNI_130_S_1290_MR_MPR__GradWarp__B1_Correction__N3__Scaled_Br_20080313124422121_S46233_I97264,AD,80,2,25,1
ADNI_005_S_1341_MR_MPR__GradWarp__B1_Correction__N3__Scaled_Br_20070717180348670_S27673_I60417,AD,72,2,24,1
ADNI_031_S_0321_MR_MPR__GradWarp__N3__Scaled_Br_20070807095006196_S21843_I65390,AD,69,1,26,1
ADNI_021_S_0343_MR_MPR__GradWarp__N3__Scaled_Br_20061217135740511_S21047_I33480,AD,72,1,22,1
ADNI_109_S_1192_MR_MPR-R__GradWarp__B1_Correction__N3__Scaled_2_Br_20081006131443918_S25056_I119267,AD,70,2,20,1
ADNI_032_S_1101_MR_MPR____N3__Scaled_Br_20070806133321549_S32613_I65047,AD,71,2,26,1
ADNI_016_S_0538_MR_MPR__GradWarp__B1_Correction__N3__Scaled_Br_20070926113834366_S24796_I75309,NL,83,1,29,0
ADNI_128_S_0517_MR_MPR__GradWarp__N3__Scaled_Br_20070819165258579_S15001_I68976,AD,82,1,20,0
ADNI_027_S_0120_MR_MPR__GradWarp__B1_Correction__N3__Scaled_2_Br_20081002152155880_S11535_I119070,NL,72,1,30,1
ADNI_098_S_0172_MR_MPR__GradWarp__B1_Correction__N3__Scaled_Br_20070807182244575_S11812_I65757,NL,71,2,29,0
ADNI_020_S_0899_MR_MPR__GradWarp__B1_Correction__N3__Scaled_Br_20070718121152849_S19329_I60618,NL,80,2,30,0
ADNI_021_S_0159_MR_MPR-R__GradWarp__N3__Scaled_Br_20061217141337814_S11314_I33489,NL,78,2,30,0
ADNI_010_S_0419_MR_MPR____N3__Scaled_Br_20070731161135546_S24112_I63325,NL,70,1,30,0
ADNI_141_S_0767_MR_MPR-R__GradWarp__B1_Correction__N3__Scaled_Br_20081022121223841_S27492_I122712,NL,73,2,29,0
ADNI_082_S_1377_MR_MPR-R__GradWarp__B1_Correction__N3__Scaled_Br_20070731115515322_S28495_I63170,AD,83,1,23,1
ADNI_128_S_0740_MR_MPR__GradWarp__N3__Scaled_2_Br_20081007101045669_S17472_I119406,AD,72,1,22,1
ADNI_128_S_0522_MR_MPR__GradWarp__N3__Scaled_2_Br_20081007100245322_S14792_I119400,NL,70,1,29,0
ADNI_041_S_0262_MR_MPR__GradWarp__B1_Correction__N3__Scaled_Br_20071125142705902_S24586_I83108,NL,86,1,29,0
ADNI_114_S_0601_MR_MPR__GradWarp__B1_Correction__N3__Scaled_Br_20070816150601025_S23933_I68143,NL,77,2,30,0
ADNI_007_S_1339_MR_MPR__GradWarp__B1_Correction__N3__Scaled_Br_20071027133744003_S41402_I78754,AD,80,2,25,0
ADNI_006_S_0731_MR_MPR__GradWarp__B1_Correction__N3__Scaled_Br_20080220094836683_S18321_I90848,NL,71,1,30,0
ADNI_136_S_0184_MR_MPR__GradWarp__B1_Correction__N3__Scaled_2_Br_20081008132617918_S11974_I119711,NL,79,2,29,1
ADNI_010_S_0420_MR_MPR____N3__Scaled_Br_20070828103011811_S28086_I70639,NL,74,1,29,0
ADNI_041_S_1391_MR_MPR__GradWarp__B1_Correction__N3__Scaled_Br_20070730182830112_S29116_I62933,AD,85,1,26,0
ADNI_012_S_0637_MR_MPR____N3__Scaled_Br_20070711163916979_S24836_I59169,NL,76,2,28,0
ADNI_005_S_0221_MR_MPR__GradWarp__B1_Correction__N3__Scaled_Br_20070910164745994_S11958_I72128,AD,68,1,20,1
ADNI_136_S_0194_MR_MPR-R__GradWarp__B1_Correction__N3__Scaled_2_Br_20081008133332716_S20331_I119719,AD,81,2,24,0
ADNI_018_S_0682_MR_MPR____N3__Scaled_2_Br_20081001132350412_S25847_I118761,AD,68,1,26,1
ADNI_020_S_1288_MR_MPR__GradWarp__B1_Correction__N3__Scaled_Br_20071027171423507_S41459_I78860,NL,60,1,30,0
ADNI_014_S_0520_MR_MPR-R__GradWarp__B1_Correction__N3__Scaled_Br_20070213002755949_S14473_I39660,NL,78,2,30,1
ADNI_023_S_0061_MR_MPR-R__GradWarp__B1_Correction__N3__Scaled_2_Br_20081002133811269_S10312_I119062,NL,77,2,29,0
ADNI_036_S_1023_MR_MPR-R__GradWarp__B1_Correction__N3__Scaled_Br_20070806143820211_S24338_I65104,NL,77,2,27,1
ADNI_006_S_0547_MR_MPR-R__GradWarp__B1_Correction__N3__Scaled_Br_20070926110116880_S19779_I75279,AD,76,1,26,0
ADNI_033_S_1281_MR_MPR-R__GradWarp__B1_Correction__N3__Scaled_Br_20070517161803030_S26136_I54780,AD,78,2,25,1
ADNI_021_S_1109_MR_MPR__GradWarp__N3__Scaled_Br_20070727185946236_S23446_I62695,AD,77,2,21,1
ADNI_941_S_1195_MR_MPR-R__GradWarp__B1_Correction__N3__Scaled_Br_20070801200732633_S26180_I63865,NL,77,1,29,0
ADNI_094_S_1397_MR_MPR-R__GradWarp__B1_Correction__N3__Scaled_Br_20080307104443256_S31011_I95662,AD,55,2,24,0
ADNI_067_S_0029_MR_MPR__GradWarp__B1_Correction__N3__Scaled_Br_20070209160613449_S9904_I38717,AD,64,1,21,1
ADNI_130_S_0969_MR_MPR-R__GradWarp__B1_Correction__N3__Scaled_Br_20070801180732088_S31840_I63738,NL,70,1,29,0
ADNI_109_S_0967_MR_MPR__GradWarp__B1_Correction__N3__Scaled_Br_20070911121838414_S33892_I72531,NL,77,1,30,0
ADNI_031_S_0618_MR_MPR-R__GradWarp__N3__Scaled_Br_20080223132226600_S24408_I91766,NL,75,1,29,1
ADNI_123_S_0113_MR_MPR____N3__Scaled_Br_20070807115111682_S18842_I65483,NL,76,1,28,0
ADNI_116_S_1083_MR_MPR-R__GradWarp__N3__Scaled_Br_20070812150427339_S22374_I67244,AD,72,2,22,0